Date,Number_of_Sales
2017-06-22,
2017-06-23,19.0
2017-06-24,21.0
2017-06-25,13.0
2017-06-26,14.0
2017-06-27,33.0
2017-06-28,15.0
2017-06-29,38.0
2017-06-30,21.0
2017-07-01,10.0
2017-07-02,31.0
2017-07-03,51.0
2017-07-04,58.0
2017-07-05,18.0
2017-07-06,23.0
2017-07-07,37.0
2017-07-08,30.0
2017-07-09,12.0
2017-07-10,17.0
2017-07-11,43.0
2017-07-12,17.0
2017-07-13,31.0
2017-07-14,7.0
2017-07-15,5.0
2017-07-16,3.0
2017-07-17,5.0
2017-07-18,30.0
2017-07-19,31.0
2017-07-20,21.0
2017-07-21,21.0
2017-07-22,13.0
2017-07-23,6.0
2017-07-24,15.0
2017-07-25,8.0
2017-07-26,5.0
2017-07-27,2.0
2017-07-28,5.0
2017-07-29,8.0
2017-07-30,16.0
2017-07-31,2.0
2017-08-01,2.0
2017-08-02,1.0
2017-08-03,21.0
2017-08-04,0.0
2017-08-05,2.0
2017-08-06,0.0
2017-08-07,1.0
2017-08-08,5.0
2017-08-09,3.0
2017-08-10,2.0
2017-08-11,8.0
2017-08-12,17.0
2017-08-13,7.0
2017-08-14,3.0
2017-08-15,4.0
2017-08-16,2.0
2017-08-17,2.0
2017-08-18,1.0
2017-08-19,1.0
2017-08-20,1.0
2017-08-21,8.0
2017-08-22,1.0
2017-08-23,2.0
2017-08-24,0.0
2017-08-25,3.0
2017-08-26,1.0
2017-08-27,0.0
2017-08-28,9.0
2017-08-29,1.0
2017-08-30,2.0
2017-08-31,1.0
2017-09-01,5.0
2017-09-02,3.0
2017-09-03,0.0
2017-09-04,3.0
2017-09-05,0.0
2017-09-06,0.0
2017-09-07,0.0
2017-09-08,1.0
2017-09-09,0.0
2017-09-10,3.0
2017-09-11,2.0
2017-09-12,2.0
2017-09-13,0.0
2017-09-14,0.0
2017-09-15,0.0
2017-09-16,1.0
2017-09-17,2.0
2017-09-18,1.0
2017-09-19,4.0
2017-09-20,3.0
2017-09-21,4.0
2017-09-22,1.0
2017-09-23,4.0
2017-09-24,1.0
2017-09-25,0.0
2017-09-26,0.0
2017-09-27,4.0
2017-09-28,1.0
2017-09-29,7.0
2017-09-30,10.0
2017-10-01,1.0
2017-10-02,0.0
2017-10-03,0.0
2017-10-04,1.0
2017-10-05,0.0
2017-10-06,0.0
2017-10-07,0.0
2017-10-08,1.0
2017-10-09,1.0
2017-10-10,0.0
2017-10-11,1.0
2017-10-12,1.0
2017-10-13,4.0
2017-10-14,4.0
2017-10-15,3.0
2017-10-16,2.0
2017-10-17,0.0
2017-10-18,0.0
2017-10-19,1.0
2017-10-20,1.0
2017-10-21,1.0
2017-10-22,0.0
2017-10-23,0.0
2017-10-24,0.0
2017-10-25,1.0
2017-10-26,7.0
2017-10-27,6.0
2017-10-28,6.0
2017-10-29,1.0
2017-10-30,3.0
2017-10-31,6.0
2017-11-01,4.0
2017-11-02,3.0
2017-11-03,0.0
2017-11-04,3.0
2017-11-05,0.0
2017-11-06,0.0
2017-11-07,1.0
2017-11-08,0.0
2017-11-09,2.0
2017-11-10,0.0
2017-11-11,0.0
2017-11-12,1.0
2017-11-13,2.0
2017-11-14,1.0
2017-11-15,2.0
2017-11-16,0.0
2017-11-17,0.0
2017-11-18,0.0
2017-11-19,2.0
2017-11-20,3.0
2017-11-21,110.0
2017-11-22,57.0
2017-11-23,1116.0
2017-11-24,3018.0
2017-11-25,1941.0
2017-11-26,1220.0
2017-11-27,968.0
2017-11-28,1728.0
2017-11-29,5578.0
2017-11-30,8160.0
2017-12-01,7887.0
2017-12-02,13765.0
2017-12-03,29765.0
2017-12-04,38991.0
2017-12-05,41525.0
2017-12-06,32360.0
2017-12-07,38193.0
2017-12-08,45207.0
2017-12-09,51014.0
2017-12-10,52034.0
2017-12-11,47067.0
2017-12-12,37395.0
2017-12-13,29696.0
2017-12-14,30935.0
2017-12-15,23030.0
2017-12-16,27195.0
2017-12-17,21155.0
2017-12-18,19061.0
2017-12-19,14047.0
2017-12-20,20783.0
2017-12-21,15803.0
2017-12-22,16282.0
2017-12-23,14597.0
2017-12-24,12581.0
2017-12-25,9822.0
2017-12-26,7946.0
2017-12-27,9106.0
2017-12-28,9979.0
2017-12-29,8274.0
2017-12-30,6641.0
2017-12-31,6921.0
2018-01-01,7586.0
2018-01-02,6484.0
2018-01-03,3608.0
2018-01-04,2568.0
2018-01-05,2076.0
2018-01-06,2906.0
2018-01-07,3194.0
2018-01-08,2550.0
2018-01-09,1766.0
2018-01-10,1326.0
2018-01-11,2159.0
2018-01-12,2482.0
2018-01-13,2499.0
2018-01-14,2817.0
2018-01-15,1818.0
2018-01-16,2018.0
2018-01-17,2326.0
2018-01-18,2818.0
2018-01-19,3117.0
2018-01-20,3218.0
2018-01-21,3087.0
2018-01-22,3025.0
2018-01-23,2887.0
2018-01-24,2674.0
2018-01-25,2252.0
2018-01-26,2819.0
2018-01-27,3140.0
2018-01-28,2661.0
2018-01-29,2474.0
2018-01-30,2988.0
2018-01-31,2858.0
2018-02-01,2076.0
2018-02-02,2496.0
2018-02-03,2297.0
2018-02-04,2050.0
2018-02-05,2385.0
2018-02-06,3335.0
2018-02-07,2899.0
2018-02-08,2760.0
2018-02-09,2831.0
2018-02-10,2118.0
2018-02-11,3426.0
2018-02-12,3241.0
2018-02-13,3722.0
2018-02-14,5649.0
2018-02-15,6400.0
2018-02-16,5473.0
2018-02-17,4241.0
2018-02-18,4430.0
2018-02-19,5017.0
2018-02-20,4549.0
2018-02-21,4032.0
2018-02-22,3874.0
2018-02-23,4407.0
2018-02-24,8592.0
2018-02-25,9135.0
2018-02-26,6712.0
2018-02-27,8571.0
2018-02-28,7718.0
2018-03-01,5962.0
2018-03-02,4356.0
2018-03-03,4490.0
2018-03-04,5166.0
2018-03-05,4370.0
2018-03-06,3777.0
2018-03-07,5094.0
2018-03-08,6581.0
2018-03-09,6113.0
2018-03-10,9077.0
2018-03-11,4067.0
2018-03-12,4834.0
2018-03-13,3758.0
2018-03-14,4451.0
2018-03-15,3936.0
2018-03-16,3129.0
2018-03-17,3766.0
2018-03-18,2824.0
2018-03-19,3127.0
2018-03-20,3061.0
2018-03-21,3381.0
2018-03-22,3402.0
2018-03-23,3156.0
2018-03-24,3176.0
2018-03-25,6329.0
2018-03-26,3049.0
2018-03-27,3454.0
2018-03-28,3671.0
2018-03-29,3850.0
2018-03-30,5768.0
2018-03-31,3171.0
2018-04-01,2912.0
2018-04-02,3208.0
2018-04-03,3245.0
2018-04-04,2995.0
2018-04-05,2756.0
2018-04-06,3813.0
2018-04-07,2741.0
2018-04-08,7486.0
2018-04-09,5277.0
2018-04-10,3279.0
2018-04-11,3470.0
2018-04-12,2943.0
2018-04-13,6183.0
2018-04-14,4886.0
2018-04-15,3961.0
2018-04-16,3791.0
2018-04-17,5105.0
2018-04-18,4154.0
2018-04-19,3872.0
2018-04-20,4073.0
2018-04-21,2572.0
2018-04-22,1816.0
2018-04-23,1864.0
2018-04-24,2221.0
2018-04-25,2285.0
2018-04-26,1794.0
2018-04-27,3388.0
2018-04-28,5275.0
2018-04-29,9933.0
2018-04-30,3351.0
2018-05-01,2248.0
2018-05-02,2107.0
2018-05-03,1725.0
2018-05-04,2856.0
2018-05-05,3517.0
2018-05-06,2830.0
2018-05-07,2734.0
2018-05-08,3724.0
2018-05-09,2388.0
2018-05-10,2090.0
2018-05-11,2507.0
2018-05-12,2274.0
2018-05-13,1801.0
2018-05-14,1409.0
2018-05-15,1645.0
2018-05-16,2454.0
2018-05-17,3883.0
2018-05-18,3377.0
2018-05-19,3649.0
2018-05-20,2663.0
2018-05-21,1826.0
2018-05-22,1849.0
2018-05-23,1711.0
2018-05-24,3036.0
2018-05-25,2300.0
2018-05-26,2691.0
2018-05-27,2811.0
2018-05-28,2093.0
2018-05-29,4111.0
2018-05-30,4535.0
2018-05-31,3350.0
2018-06-01,2879.0
2018-06-02,2913.0
2018-06-03,2328.0
2018-06-04,2191.0
2018-06-05,2514.0
2018-06-06,2011.0
2018-06-07,2173.0
2018-06-08,2064.0
2018-06-09,2781.0
2018-06-10,2065.0
2018-06-11,3381.0
2018-06-12,2903.0
2018-06-13,2272.0
2018-06-14,1926.0
2018-06-15,5253.0
2018-06-16,2356.0
2018-06-17,2435.0
2018-06-18,2755.0
2018-06-19,2764.0
2018-06-20,1975.0
2018-06-21,3089.0
2018-06-22,5237.0
2018-06-23,3028.0
2018-06-24,3043.0
2018-06-25,2574.0
2018-06-26,2324.0
2018-06-27,2428.0
2018-06-28,2633.0
2018-06-29,3298.0
2018-06-30,2422.0
2018-07-01,1333.0
2018-07-02,699.0
2018-07-03,625.0
2018-07-04,755.0
2018-07-05,1008.0
2018-07-06,1716.0
2018-07-07,1266.0
2018-07-08,1785.0
2018-07-09,2797.0
2018-07-10,2047.0
2018-07-11,2421.0
2018-07-12,2988.0
2018-07-13,3820.0
2018-07-14,1616.0
2018-07-15,1484.0
2018-07-16,2185.0
2018-07-17,1924.0
2018-07-18,1882.0
2018-07-19,2303.0
2018-07-20,1910.0
2018-07-21,2259.0
2018-07-22,2292.0
2018-07-23,2548.0
2018-07-24,1921.0
2018-07-25,2501.0
2018-07-26,3437.0
2018-07-27,4152.0
2018-07-28,3147.0
2018-07-29,2248.0
2018-07-30,1862.0
2018-07-31,2074.0
2018-08-01,2561.0
2018-08-02,2369.0
2018-08-03,1777.0
2018-08-04,2013.0
2018-08-05,1847.0
2018-08-06,1621.0
2018-08-07,1421.0
2018-08-08,1484.0
2018-08-09,1409.0
2018-08-10,1491.0
2018-08-11,1871.0
2018-08-12,2161.0
2018-08-13,2251.0
2018-08-14,2708.0
2018-08-15,3014.0
2018-08-16,3656.0
2018-08-17,5069.0
2018-08-18,6522.0
2018-08-19,7076.0
2018-08-20,3614.0
2018-08-21,3583.0
2018-08-22,2536.0
2018-08-23,4129.0
2018-08-24,5265.0
2018-08-25,4909.0
2018-08-26,3686.0
2018-08-27,4922.0
2018-08-28,4107.0
2018-08-29,4946.0
2018-08-30,8273.0
2018-08-31,10452.0
2018-09-01,9428.0
2018-09-02,7954.0
2018-09-03,7259.0
2018-09-04,4942.0
2018-09-05,5548.0
2018-09-06,7238.0
2018-09-07,7929.0
2018-09-08,6100.0
2018-09-09,9153.0
2018-09-10,8053.0
2018-09-11,10900.0
2018-09-12,9830.0
2018-09-13,4450.0
2018-09-14,4769.0
2018-09-15,3798.0
2018-09-16,3222.0
2018-09-17,3862.0
2018-09-18,4251.0
2018-09-19,5355.0
2018-09-20,4417.0
2018-09-21,5320.0
2018-09-22,7094.0
2018-09-23,5515.0
2018-09-24,4863.0
2018-09-25,4778.0
2018-09-26,5883.0
2018-09-27,6231.0
2018-09-28,3660.0
2018-09-29,4270.0
2018-09-30,4996.0
2018-10-01,4399.0
2018-10-02,3133.0
2018-10-03,3768.0
2018-10-04,4343.0
2018-10-05,7423.0
2018-10-06,4459.0
2018-10-07,4497.0
2018-10-08,4246.0
2018-10-09,3700.0
2018-10-10,4321.0
2018-10-11,6296.0
2018-10-12,4699.0
2018-10-13,3963.0
2018-10-14,3315.0
2018-10-15,3116.0
2018-10-16,3368.0
2018-10-17,5520.0
2018-10-18,3487.0
2018-10-19,8085.0
2018-10-20,4665.0
2018-10-21,5497.0
2018-10-22,4224.0
2018-10-23,5205.0
2018-10-24,4289.0
2018-10-25,3555.0
2018-10-26,4587.0
2018-10-27,5444.0
2018-10-28,4289.0
2018-10-29,4287.0
2018-10-30,3810.0
2018-10-31,3745.0
2018-11-01,3948.0
2018-11-02,3844.0
2018-11-03,4622.0
2018-11-04,4723.0
2018-11-05,4453.0
2018-11-06,3780.0
2018-11-07,5183.0
2018-11-08,3756.0
2018-11-09,3554.0
2018-11-10,4082.0
2018-11-11,4138.0
2018-11-12,3985.0
2018-11-13,5317.0
2018-11-14,5480.0
2018-11-15,10241.0
2018-11-16,6584.0
2018-11-17,4875.0
2018-11-18,4623.0
2018-11-19,4089.0
2018-11-20,4032.0
2018-11-21,6435.0
2018-11-22,6627.0
2018-11-23,4612.0
2018-11-24,4544.0
2018-11-25,5181.0
2018-11-26,5978.0
2018-11-27,6138.0
2018-11-28,5129.0
2018-11-29,4627.0
2018-11-30,6103.0
2018-12-01,10880.0
2018-12-02,7487.0
2018-12-03,7209.0
2018-12-04,6327.0
2018-12-05,13724.0
2018-12-06,5644.0
2018-12-07,6441.0
2018-12-08,4289.0
2018-12-09,4475.0
2018-12-10,3115.0
2018-12-11,3562.0
2018-12-12,4104.0
2018-12-13,5377.0
2018-12-14,4860.0
2018-12-15,6438.0
2018-12-16,6041.0
2018-12-17,4716.0
2018-12-18,3770.0
2018-12-19,4075.0
2018-12-20,4975.0
2018-12-21,7135.0
2018-12-22,4024.0
2018-12-23,7018.0
2018-12-24,3948.0
2018-12-25,3173.0
2018-12-26,2962.0
2018-12-27,2879.0
2018-12-28,3247.0
2018-12-29,3148.0
2018-12-30,3086.0
2018-12-31,3355.0
2019-01-01,2467.0
2019-01-02,2691.0
2019-01-03,2747.0
2019-01-04,2748.0
2019-01-05,2858.0
2019-01-06,2760.0
2019-01-07,3150.0
2019-01-08,2380.0
2019-01-09,2522.0
2019-01-10,3921.0
2019-01-11,8126.0
2019-01-12,5905.0
2019-01-13,5607.0
2019-01-14,4466.0
2019-01-15,4266.0
2019-01-16,4405.0
2019-01-17,3792.0
2019-01-18,4517.0
2019-01-19,4278.0
2019-01-20,4746.0
2019-01-21,4265.0
2019-01-22,2523.0
2019-01-23,3054.0
2019-01-24,3847.0
2019-01-25,3327.0
2019-01-26,7525.0
2019-01-27,6951.0
2019-01-28,4655.0
2019-01-29,3322.0
2019-01-30,3385.0
2019-01-31,2987.0
2019-02-01,3886.0
2019-02-02,4150.0
2019-02-03,4733.0
2019-02-04,3278.0
2019-02-05,3000.0
2019-02-06,2559.0
2019-02-07,2848.0
2019-02-08,3199.0
2019-02-09,6051.0
2019-02-10,5688.0
2019-02-11,4602.0
2019-02-12,3903.0
2019-02-13,3799.0
2019-02-14,4689.0
2019-02-15,3707.0
2019-02-16,6631.0
2019-02-17,5263.0
2019-02-18,4490.0
2019-02-19,2631.0
2019-02-20,3035.0
2019-02-21,3654.0
2019-02-22,4405.0
2019-02-23,4924.0
2019-02-24,4047.0
2019-02-25,4186.0
2019-02-26,4519.0
2019-02-27,2876.0
2019-02-28,2512.0
2019-03-01,3732.0
2019-03-02,5541.0
2019-03-03,6954.0
2019-03-04,5208.0
2019-03-05,4824.0
2019-03-06,5213.0
2019-03-07,5717.0
2019-03-08,6624.0
2019-03-09,6257.0
2019-03-10,4747.0
2019-03-11,4063.0
2019-03-12,4497.0
2019-03-13,3970.0
2019-03-14,3916.0
2019-03-15,4611.0
2019-03-16,7442.0
2019-03-17,6654.0
2019-03-18,5289.0
2019-03-19,5073.0
2019-03-20,4936.0
2019-03-21,4505.0
2019-03-22,4993.0
2019-03-23,6144.0
2019-03-24,6325.0
2019-03-25,5310.0
2019-03-26,4857.0
2019-03-27,4502.0
2019-03-28,4160.0
2019-03-29,26709.0
2019-03-30,9617.0
2019-03-31,10872.0
2019-04-01,8093.0
2019-04-02,5479.0
2019-04-03,4315.0
2019-04-04,3869.0
2019-04-05,3741.0
2019-04-06,4295.0
2019-04-07,4072.0
2019-04-08,2917.0
2019-04-09,3363.0
2019-04-10,3559.0
2019-04-11,3080.0
2019-04-12,3738.0
2019-04-13,6560.0
2019-04-14,7267.0
2019-04-15,3777.0
2019-04-16,3972.0
2019-04-17,4397.0
2019-04-18,4470.0
2019-04-19,5067.0
2019-04-20,4676.0
2019-04-21,4559.0
2019-04-22,3986.0
2019-04-23,3806.0
2019-04-24,3852.0
2019-04-25,3952.0
2019-04-26,3675.0
2019-04-27,4647.0
2019-04-28,4637.0
2019-04-29,3854.0
2019-04-30,4081.0
2019-05-01,5270.0
2019-05-02,4850.0
2019-05-03,4183.0
2019-05-04,4905.0
2019-05-05,4394.0
2019-05-06,3687.0
2019-05-07,2305.0
2019-05-08,4122.0
2019-05-09,4157.0
2019-05-10,5480.0
2019-05-11,7321.0
2019-05-12,5498.0
2019-05-13,4689.0
2019-05-14,3902.0
2019-05-15,2454.0
2019-05-16,2255.0
2019-05-17,3503.0
2019-05-18,3708.0
2019-05-19,3780.0
2019-05-20,3417.0
2019-05-21,3227.0
2019-05-22,3282.0
2019-05-23,3010.0
2019-05-24,4349.0
2019-05-25,5078.0
2019-05-26,4814.0
2019-05-27,4551.0
2019-05-28,5268.0
2019-05-29,4784.0
2019-05-30,5831.0
2019-05-31,4680.0
2019-06-01,2907.0
2019-06-02,3001.0
2019-06-03,2939.0
2019-06-04,2487.0
2019-06-05,3232.0
2019-06-06,2685.0
2019-06-07,3856.0
2019-06-08,3133.0
2019-06-09,4790.0
2019-06-10,3030.0
2019-06-11,3601.0
2019-06-12,3825.0
2019-06-13,4269.0
2019-06-14,3426.0
2019-06-15,3394.0
2019-06-16,4091.0
2019-06-17,3029.0
2019-06-18,3032.0
2019-06-19,2944.0
2019-06-20,2244.0
2019-06-21,3286.0
2019-06-22,3870.0
2019-06-23,3760.0
2019-06-24,3799.0
2019-06-25,2839.0
2019-06-26,2781.0
2019-06-27,1790.0
2019-06-28,1832.0
2019-06-29,2854.0
2019-06-30,2010.0
2019-07-01,1501.0
2019-07-02,1518.0
2019-07-03,1747.0
2019-07-04,2529.0
2019-07-05,2124.0
2019-07-06,3049.0
2019-07-07,2885.0
2019-07-08,2583.0
2019-07-09,2951.0
2019-07-10,2667.0
2019-07-11,1897.0
2019-07-12,2441.0
2019-07-13,2786.0
2019-07-14,2715.0
2019-07-15,2520.0
2019-07-16,1162.0
2019-07-17,2755.0
2019-07-18,4327.0
2019-07-19,2979.0
2019-07-20,4779.0
2019-07-21,4772.0
2019-07-22,3486.0
2019-07-23,3692.0
2019-07-24,2849.0
2019-07-25,2553.0
2019-07-26,4091.0
2019-07-27,3950.0
2019-07-28,3922.0
2019-07-29,3895.0
2019-07-30,4235.0
2019-07-31,3635.0
2019-08-01,3126.0
2019-08-02,2892.0
2019-08-03,3470.0
2019-08-04,3709.0
2019-08-05,3277.0
2019-08-06,2127.0
2019-08-07,2824.0
2019-08-08,2859.0
2019-08-09,2792.0
2019-08-10,2141.0
2019-08-11,2358.0
2019-08-12,2425.0
2019-08-13,2585.0
2019-08-14,2784.0
2019-08-15,2604.0
2019-08-16,2700.0
2019-08-17,3681.0
2019-08-18,3774.0
2019-08-19,2416.0
2019-08-20,6991.0
2019-08-21,4653.0
2019-08-22,4030.0
2019-08-23,4028.0
2019-08-24,5460.0
2019-08-25,3608.0
2019-08-26,2462.0
2019-08-27,4205.0
2019-08-28,3832.0
2019-08-29,3435.0
2019-08-30,3775.0
2019-08-31,5670.0
2019-09-01,5222.0
2019-09-02,4431.0
2019-09-03,3138.0
2019-09-04,2970.0
2019-09-05,2132.0
2019-09-06,1508.0
2019-09-07,1509.0
2019-09-08,1449.0
2019-09-09,1393.0
2019-09-10,1177.0
2019-09-11,1265.0
2019-09-12,1310.0
2019-09-13,1290.0
2019-09-14,2877.0
2019-09-15,2554.0
2019-09-16,1256.0
2019-09-17,1084.0
2019-09-18,1144.0
2019-09-19,1126.0
2019-09-20,885.0
2019-09-21,2346.0
2019-09-22,2101.0
2019-09-23,1502.0
2019-09-24,1233.0
2019-09-25,1083.0
2019-09-26,1138.0
2019-09-27,1005.0
2019-09-28,2049.0
2019-09-29,2563.0
2019-09-30,2144.0
2019-10-01,3802.0
2019-10-02,3615.0
2019-10-03,4078.0
2019-10-04,3323.0
2019-10-05,3456.0
2019-10-06,2818.0
2019-10-07,3125.0
2019-10-08,3249.0
2019-10-09,5471.0
2019-10-10,4073.0
2019-10-11,5106.0
2019-10-12,3248.0
2019-10-13,3170.0
2019-10-14,3456.0
2019-10-15,4656.0
2019-10-16,3475.0
2019-10-17,4650.0
2019-10-18,4162.0
2019-10-19,3936.0
2019-10-20,8561.0
2019-10-21,3153.0
2019-10-22,3240.0
2019-10-23,2258.0
2019-10-24,2287.0
2019-10-25,2678.0
2019-10-26,3991.0
2019-10-27,3604.0
2019-10-28,3836.0
2019-10-29,2945.0
2019-10-30,2861.0
2019-10-31,2800.0
2019-11-01,3425.0
2019-11-02,4005.0
2019-11-03,3154.0
2019-11-04,2861.0
2019-11-05,3212.0
2019-11-06,5108.0
2019-11-07,5609.0
2019-11-08,4499.0
2019-11-09,5175.0
2019-11-10,5036.0
2019-11-11,3542.0
2019-11-12,3752.0
2019-11-13,3845.0
2019-11-14,2629.0
2019-11-15,3001.0
2019-11-16,3199.0
2019-11-17,2684.0
2019-11-18,3146.0
2019-11-19,2937.0
2019-11-20,2968.0
2019-11-21,2708.0
2019-11-22,13108.0
2019-11-23,17911.0
2019-11-24,19786.0
2019-11-25,10346.0
2019-11-26,12286.0
2019-11-27,11846.0
2019-11-28,10341.0
2019-11-29,18827.0
2019-11-30,13431.0
2019-12-01,16807.0
2019-12-02,13348.0
2019-12-03,8380.0
2019-12-04,7525.0
2019-12-05,10215.0
2019-12-06,8236.0
2019-12-07,9574.0
2019-12-08,11044.0
2019-12-09,9359.0
2019-12-10,7875.0
2019-12-11,8242.0
2019-12-12,8156.0
2019-12-13,5947.0
2019-12-14,6566.0
2019-12-15,5990.0
2019-12-16,5078.0
2019-12-17,3888.0
2019-12-18,6541.0
2019-12-19,6176.0
2019-12-20,4865.0
2019-12-21,6939.0
2019-12-22,8531.0
2019-12-23,4514.0
2019-12-24,4982.0
2019-12-25,5509.0
2019-12-26,5473.0
2019-12-27,7560.0
2019-12-28,7287.0
2019-12-29,7107.0
2019-12-30,5380.0
2019-12-31,5808.0
2020-01-01,7634.0
2020-01-02,8840.0
2020-01-03,8453.0
2020-01-04,12070.0
2020-01-05,9716.0
2020-01-06,5873.0
2020-01-07,7966.0
2020-01-08,5994.0
2020-01-09,6848.0
2020-01-09,152.0
2020-01-10,5955.0
2020-01-11,7346.0
2020-01-12,8712.0
2020-01-13,7669.0
2020-01-14,9005.0
2020-01-15,6937.0
2020-01-16,4715.0
2020-01-17,5096.0
2020-01-18,7707.0
2020-01-19,8556.0
2020-01-20,13064.0
2020-01-21,9271.0
2020-01-22,8198.0
2020-01-23,9535.0
2020-01-24,16757.0
2020-01-25,10848.0
2020-01-26,12234.0
2020-01-27,9594.0
2020-01-28,7837.0
2020-01-29,6062.0
2020-01-30,4993.0
2020-01-31,5759.0
2020-02-01,7563.0
2020-02-02,7076.0
2020-02-03,4480.0
2020-02-04,2784.0
2020-02-05,3217.0
2020-02-06,2800.0
2020-02-07,3213.0
2020-02-08,9251.0
2020-02-09,14368.0
2020-02-10,5724.0
2020-02-11,11485.0
2020-02-12,5113.0
2020-02-13,5779.0
2020-02-14,4533.0
2020-02-15,4941.0
2020-02-16,4168.0
2020-02-17,5583.0
2020-02-18,4814.0
2020-02-19,4786.0
2020-02-20,5510.0
2020-02-21,6204.0
2020-02-22,6639.0
2020-02-23,6954.0
2020-02-24,6888.0
2020-02-25,5427.0
2020-02-26,5394.0
2020-02-27,6527.0
2020-02-28,7291.0
2020-02-29,9631.0
2020-03-01,8236.0
2020-03-02,11831.0
2020-03-03,5187.0
2020-03-04,5061.0
2020-03-05,4679.0
2020-03-06,5148.0
2020-03-07,7349.0
2020-03-08,4110.0
2020-03-09,3627.0
2020-03-10,5948.0
2020-03-11,7213.0
2020-03-12,5074.0
2020-03-13,2194.0
2020-03-14,5270.0
2020-03-15,6024.0
2020-03-16,5847.0
2020-03-17,7146.0
2020-03-18,9584.0
2020-03-19,6959.0
2020-03-20,5595.0
2020-03-21,6705.0
2020-03-22,5768.0
2020-03-23,5136.0
2020-03-24,4088.0
2020-03-25,3704.0
2020-03-26,5846.0
2020-03-27,5253.0
2020-03-28,8626.0
2020-03-29,5923.0
2020-03-30,5281.0
2020-03-31,16875.0
2020-04-01,7209.0
2020-04-02,4068.0
2020-04-03,7042.0
2020-04-04,10949.0
2020-04-05,6383.0
2020-04-06,6637.0
2020-04-07,4782.0
2020-04-08,3790.0
2020-04-09,4263.0
2020-04-10,4750.0
2020-04-11,7768.0
2020-04-12,7081.0
2020-04-13,5345.0
2020-04-14,9444.0
2020-04-15,5249.0
2020-04-16,3628.0
2020-04-17,4419.0
2020-04-18,5080.0
2020-04-19,5111.0
2020-04-20,3526.0
2020-04-21,4369.0
2020-04-22,3864.0
2020-04-23,4133.0
2020-04-24,3583.0
2020-04-25,4547.0
2020-04-26,4895.0
2020-04-27,4494.0
2020-04-28,4566.0
2020-04-29,2848.0
2020-04-30,2305.0
2020-05-01,4171.0
2020-05-02,3960.0
2020-05-03,5058.0
2020-05-04,3219.0
2020-05-05,2910.0
2020-05-06,2479.0
2020-05-07,1925.0
2020-05-08,2603.0
2020-05-09,3193.0
2020-05-10,2603.0
2020-05-11,2630.0
2020-05-12,2487.0
2020-05-13,2310.0
2020-05-14,2145.0
2020-05-15,2627.0
2020-05-16,3414.0
2020-05-17,3551.0
2020-05-18,2421.0
2020-05-19,2327.0
2020-05-20,2484.0
2020-05-21,2429.0
2020-05-22,2477.0
2020-05-23,4688.0
2020-05-24,4509.0
2020-05-25,3319.0
2020-05-26,2999.0
2020-05-27,2811.0
2020-05-28,2740.0
2020-05-29,2596.0
2020-05-30,2389.0
2020-05-31,1869.0
2020-06-01,1753.0
2020-06-02,1414.0
2020-06-03,1578.0
2020-06-04,3293.0
2020-06-05,2281.0
2020-06-06,2966.0
2020-06-07,2157.0
2020-06-08,1973.0
2020-06-09,1775.0
2020-06-10,1772.0
2020-06-11,3212.0
2020-06-12,2239.0
2020-06-13,2327.0
2020-06-14,3054.0
2020-06-15,2245.0
2020-06-16,2646.0
2020-06-17,1594.0
2020-06-18,1823.0
2020-06-19,1600.0
2020-06-20,2607.0
2020-06-21,3087.0
2020-06-22,1714.0
2020-06-23,3366.0
2020-06-24,1690.0
2020-06-25,3574.0
2020-06-26,1983.0
2020-06-27,2102.0
2020-06-28,1626.0
2020-06-29,1453.0
2020-06-30,3078.0
2020-07-01,1875.0
2020-07-02,2381.0
2020-07-03,1975.0
2020-07-04,3257.0
2020-07-05,2502.0
2020-07-06,2069.0
2020-07-07,2050.0
2020-07-08,2376.0
2020-07-09,2888.0
2020-07-10,2904.0
2020-07-11,4085.0
2020-07-12,3114.0
2020-07-13,1654.0
2020-07-14,1767.0
2020-07-15,1778.0
2020-07-16,2097.0
2020-07-17,1615.0
2020-07-18,2129.0
2020-07-19,1461.0
2020-07-20,1354.0
2020-07-21,1588.0
2020-07-22,1494.0
2020-07-23,1411.0
2020-07-24,1636.0
2020-07-25,1674.0
2020-07-26,1411.0
2020-07-27,1059.0
2020-07-28,1159.0
2020-07-29,1151.0
2020-07-30,1416.0
2020-07-31,1133.0
2020-08-01,1226.0
2020-08-02,1328.0
2020-08-03,1140.0
2020-08-04,5292.0
2020-08-05,2018.0
2020-08-06,1595.0
2020-08-07,1568.0
2020-08-08,1762.0
2020-08-09,1313.0
2020-08-10,877.0
2020-08-11,834.0
2020-08-12,361.0
2020-08-13,1015.0
2020-08-14,973.0
2020-08-15,989.0
2020-08-16,1220.0
2020-08-17,916.0
2020-08-18,1046.0
2020-08-19,1001.0
2020-08-20,1267.0
2020-08-21,924.0
2020-08-22,1033.0
2020-08-23,1323.0
2020-08-24,989.0
2020-08-25,1264.0
2020-08-26,1174.0
2020-08-27,1315.0
2020-08-28,1454.0
2020-08-29,3104.0
2020-08-30,2692.0
2020-08-31,1302.0
2020-09-01,290.0
2020-09-02,568.0
2020-09-03,1323.0
2020-09-04,1408.0
2020-09-05,1225.0
2020-09-06,1577.0
2020-09-07,1658.0
2020-09-08,1472.0
2020-09-09,1481.0
2020-09-10,1224.0
2020-09-11,1384.0
2020-09-12,1378.0
2020-09-13,1588.0
2020-09-14,1264.0
2020-09-15,2957.0
2020-09-16,2647.0
2020-09-17,1627.0
2020-09-18,3196.0
2020-09-19,1838.0
2020-09-20,2323.0
2020-09-21,1731.0
2020-09-22,3908.0
2020-09-23,5000.0
2020-09-24,3417.0
2020-09-25,4102.0
2020-09-26,2853.0
2020-09-27,3266.0
2020-09-28,2959.0
2020-09-29,2432.0
2020-09-30,2542.0
2020-10-01,2347.0
2020-10-02,2456.0
2020-10-03,3262.0
2020-10-04,2707.0
2020-10-05,2909.0
2020-10-06,3211.0
2020-10-07,2833.0
2020-10-08,2540.0
2020-10-09,2809.0
2020-10-10,2481.0
2020-10-11,3030.0
2020-10-12,2673.0
2020-10-13,2466.0
2020-10-14,2816.0
2020-10-15,2659.0
2020-10-16,2471.0
2020-10-17,3232.0
2020-10-18,3171.0
2020-10-19,2795.0
2020-10-20,2241.0
2020-10-21,2054.0
2020-10-22,2091.0
2020-10-23,2705.0
2020-10-24,4874.0
2020-10-25,5597.0
2020-10-26,3742.0
2020-10-27,4172.0
2020-10-28,3155.0
2020-10-29,3375.0
2020-10-30,3534.0
2020-10-31,4714.0
2020-11-01,3249.0
2020-11-02,2413.0
2020-11-03,2543.0
2020-11-04,2655.0
2020-11-05,2513.0
2020-11-06,2251.0
2020-11-07,2605.0
2020-11-08,3629.0
2020-11-09,2780.0
2020-11-10,3066.0
2020-11-11,3080.0
2020-11-12,16955.0
2020-11-13,3366.0
2020-11-14,4150.0
2020-11-15,3820.0
2020-11-16,3104.0
2020-11-17,2397.0
2020-11-18,2559.0
2020-11-19,3043.0
2020-11-20,2370.0
2020-11-21,2458.0
2020-11-22,2538.0
2020-11-23,1858.0
2020-11-24,1653.0
2020-11-25,2153.0
2020-11-26,1923.0
2020-11-27,4527.0
2020-11-28,4190.0
2020-11-29,3556.0
2020-11-30,1773.0
2020-12-01,2158.0
2020-12-02,2877.0
2020-12-03,2517.0
2020-12-04,2952.0
2020-12-05,3437.0
2020-12-06,3657.0
2020-12-07,2753.0
2020-12-08,2431.0
2020-12-09,2201.0
2020-12-10,2646.0
2020-12-11,8177.0
2020-12-12,3818.0
2020-12-13,3115.0
2020-12-14,2520.0
2020-12-15,2152.0
2020-12-16,1867.0
2020-12-17,1252.0
2020-12-18,2404.0
2020-12-19,2642.0
2020-12-20,3054.0
2020-12-21,2204.0
2020-12-22,2771.0
2020-12-23,2054.0
2020-12-24,2426.0
2020-12-25,1908.0
2020-12-26,2261.0
2020-12-27,2241.0
2020-12-28,1703.0
2020-12-29,1862.0
2020-12-30,1571.0
2020-12-31,1701.0
2021-01-01,3519.0
2021-01-02,2123.0
2021-01-03,1210.0
2021-01-04,1404.0
2021-01-05,1479.0
2021-01-06,1613.0
2021-01-07,1317.0
2021-01-08,2130.0
2021-01-09,1942.0
2021-01-10,1814.0
2021-01-11,1270.0
2021-01-12,1661.0
2021-01-13,2390.0
2021-01-14,2731.0
2021-01-15,2461.0
2021-01-16,3357.0
2021-01-17,1991.0
2021-01-18,2010.0
2021-01-19,1627.0
2021-01-20,2171.0
2021-01-21,2213.0
2021-01-22,2265.0
2021-01-23,2205.0
2021-01-24,2370.0
2021-01-25,1826.0
2021-01-26,3043.0
2021-01-27,2240.0
2021-01-28,1360.0
2021-01-29,2928.0
2021-01-30,6280.0
2021-01-31,8319.0
2021-02-01,5596.0
2021-02-02,3709.0
2021-02-03,2367.0
2021-02-04,1924.0
2021-02-05,1542.0
2021-02-06,2931.0
2021-02-07,2468.0
2021-02-08,1634.0
2021-02-09,1483.0
2021-02-10,1073.0
2021-02-11,3586.0
2021-02-12,2974.0
2021-02-13,3137.0
2021-02-14,3868.0
2021-02-15,3442.0
2021-02-16,4696.0
2021-02-17,4079.0
2021-02-18,3553.0
2021-02-19,3414.0
2021-02-20,3269.0
2021-02-21,5949.0
2021-02-22,3649.0
2021-02-23,2454.0
2021-02-24,5321.0
2021-02-25,5554.0
2021-02-26,8318.0
2021-02-27,11455.0
2021-02-28,6421.0
2021-03-01,13315.0
2021-03-02,9251.0
2021-03-03,6671.0
2021-03-04,6550.0
2021-03-05,7814.0
2021-03-06,6867.0
2021-03-07,9507.0
2021-03-08,9177.0
2021-03-09,8219.0
2021-03-10,11687.0
2021-03-11,7791.0
2021-03-12,7220.0
2021-03-13,11088.0
2021-03-14,8888.0
2021-03-15,7356.0
2021-03-16,8939.0
2021-03-17,9780.0
2021-03-18,9340.0
2021-03-19,10402.0
2021-03-20,8832.0
2021-03-21,13567.0
2021-03-22,7403.0
2021-03-23,6899.0
2021-03-24,5366.0
2021-03-25,4766.0
2021-03-26,7778.0
2021-03-27,7276.0
2021-03-28,6557.0
2021-03-29,5956.0
2021-03-30,5164.0
2021-03-31,4546.0
2021-04-01,4339.0
2021-04-02,3689.0
2021-04-03,4357.0
2021-04-04,5986.0
2021-04-05,4994.0
2021-04-06,4668.0
2021-04-07,7905.0
2021-04-08,6031.0
2021-04-09,5795.0
2021-04-10,6620.0
2021-04-11,6996.0
2021-04-12,5372.0
2021-04-13,5441.0
2021-04-14,7253.0
2021-04-15,5042.0
2021-04-16,5227.0
2021-04-17,4976.0
2021-04-18,4661.0
2021-04-19,3742.0
2021-04-20,2497.0
2021-04-21,3983.0
2021-04-22,4747.0
2021-04-23,5721.0
2021-04-24,5188.0
2021-04-25,5623.0
2021-04-26,5844.0
2021-04-27,7268.0
2021-04-28,5968.0
2021-04-29,5298.0
2021-04-30,6678.0
2021-05-01,16639.0
2021-05-02,6060.0
2021-05-03,14685.0
2021-05-04,6681.0
2021-05-05,4659.0
2021-05-06,4709.0
2021-05-07,4276.0
2021-05-08,2568.0
2021-05-09,3379.0
2021-05-10,1361.0
2021-05-11,1567.0
2021-05-12,4203.0
2021-05-13,3955.0
2021-05-14,5622.0
2021-05-15,4540.0
2021-05-16,4136.0
2021-05-17,3201.0
2021-05-18,3599.0
2021-05-19,2341.0
2021-05-20,4737.0
2021-05-21,4407.0
2021-05-22,5519.0
2021-05-23,3082.0
2021-05-24,3967.0
2021-05-25,4022.0
2021-05-26,4122.0
2021-05-27,6294.0
2021-05-28,4497.0
2021-05-29,4281.0
2021-05-30,4414.0
2021-05-31,4427.0
2021-06-01,5206.0
2021-06-02,3969.0
2021-06-03,3989.0
2021-06-04,4308.0
2021-06-05,4488.0
2021-06-06,4467.0
2021-06-07,4594.0
2021-06-08,4780.0
2021-06-09,5679.0
2021-06-10,6500.0
2021-06-11,13428.0
2021-06-12,4401.0
2021-06-13,4573.0
2021-06-14,6049.0
2021-06-15,13941.0
2021-06-16,7120.0
2021-06-17,5758.0
2021-06-18,17950.0
2021-06-19,17653.0
2021-06-20,21534.0
2021-06-21,21412.0
2021-06-22,6113.0
2021-06-23,7522.0
2021-06-24,10292.0
2021-06-25,15374.0
2021-06-26,11450.0
2021-06-27,26997.0
2021-06-28,12200.0
2021-06-29,10004.0
2021-06-30,44062.0
2021-07-01,24127.0
2021-07-02,11863.0
2021-07-03,8797.0
2021-07-04,9493.0
2021-07-05,9717.0
2021-07-06,8865.0
2021-07-07,13896.0
2021-07-08,20912.0
2021-07-09,13771.0
2021-07-10,13542.0
2021-07-11,15702.0
2021-07-12,12563.0
2021-07-13,18811.0
2021-07-14,14138.0
2021-07-15,18252.0
2021-07-16,19716.0
2021-07-17,21267.0
2021-07-18,17017.0
2021-07-19,13754.0
2021-07-20,21420.0
2021-07-21,14549.0
2021-07-22,9253.0
2021-07-23,8844.0
2021-07-24,7024.0
2021-07-25,7410.0
2021-07-26,9137.0
2021-07-27,8539.0
2021-07-28,7244.0
2021-07-29,5861.0
2021-07-30,6110.0
2021-07-31,11744.0
2021-08-01,13645.0
2021-08-02,16694.0
2021-08-03,18973.0
2021-08-04,21331.0
2021-08-05,26909.0
2021-08-06,29402.0
2021-08-07,53276.0
2021-08-08,65236.0
2021-08-09,82064.0
2021-08-10,79223.0
2021-08-11,56014.0
2021-08-12,44149.0
2021-08-13,62844.0
2021-08-14,42578.0
2021-08-15,62632.0
2021-08-16,54466.0
2021-08-17,30314.0
2021-08-18,20770.0
2021-08-19,24837.0
2021-08-20,26195.0
2021-08-21,26776.0
2021-08-22,31844.0
2021-08-23,34576.0
2021-08-24,42202.0
2021-08-25,46876.0
2021-08-26,40384.0
2021-08-27,60409.0
2021-08-28,48395.0
2021-08-29,57826.0
2021-08-30,49750.0
2021-08-31,59261.0
2021-09-01,46294.0
2021-09-02,19741.0
2021-09-03,19293.0
2021-09-04,30562.0
2021-09-05,37470.0
2021-09-06,28651.0
2021-09-07,13333.0
2021-09-08,21028.0
2021-09-09,17584.0
2021-09-10,15019.0
2021-09-11,18284.0
2021-09-12,21837.0
2021-09-13,15033.0
2021-09-14,12555.0
2021-09-15,24570.0
2021-09-16,20663.0
2021-09-17,19871.0
2021-09-18,25037.0
2021-09-19,11898.0
2021-09-20,17532.0
2021-09-21,24360.0
2021-09-22,11515.0
2021-09-23,19400.0
2021-09-24,39183.0
2021-09-25,51855.0
2021-09-26,48119.0
2021-09-27,63076.0
2021-09-28,41912.0
2021-09-29,48830.0
2021-09-30,69618.0
2021-10-01,46091.0
2021-10-02,43619.0
2021-10-03,47622.0
2021-10-04,82752.0
2021-10-05,53013.0
2021-10-06,29032.0
2021-10-07,49852.0
2021-10-08,68848.0
2021-10-09,35045.0
2021-10-10,38868.0
2021-10-11,25927.0
2021-10-12,27460.0
2021-10-13,19692.0
2021-10-14,22970.0
2021-10-15,19200.0
2021-10-16,16548.0
2021-10-17,18814.0
2021-10-18,77182.0
2021-10-19,161732.0
2021-10-20,108922.0
2021-10-21,49600.0
2021-10-22,42603.0
2021-10-23,122089.0
2021-10-24,117308.0
2021-10-25,40139.0
2021-10-26,31365.0
2021-10-27,139986.0
2021-10-28,30097.0
2021-10-29,27190.0
2021-10-30,53294.0
2021-10-31,53472.0
2021-11-01,13646.0
2021-11-02,67388.0
2021-11-03,23465.0
2021-11-04,13108.0
2021-11-05,12475.0
2021-11-06,118288.0
2021-11-07,44347.0
2021-11-08,59264.0
2021-11-09,50879.0
2021-11-10,44822.0
2021-11-11,13935.0
2021-11-12,-2195.0
